Pillar,Category,Can apply to Search campaign,Can apply to Pmax campaign,Can apply to Shopping campaign,Can apply to DNV campaign,Already apply to Search campaign,Already apply to Pmax campaign,Already apply to Shopping campaign,Already apply to DNV campaign,Notes about UI availability,Notes about applicable level,Notes about campaign type coverage,Item,Owner GPM,Item2,UCM DMS Weightage,Tactic code,UCM status,WebUI status,WebUI Weightage,Recommendation,Can apply to campaign level,Can apply to new campaign,Can apply to existing campaign
Targeting,Health check ,Can apply to Search campaign,-,-,-,Already apply to Search campaign,-,-,-,WebUI does not have the HC,,,"Account free of any Search Campaigns that are set to ""Target & Bid"" an Audience list",Neha Mohan,"Health check - Account free of any Search Campaigns that are set to ""Target & Bid"" an Audience list",2.00%,-,Included in UCM DMS,WebUI Not Ready,,-,Can apply to campaign level,Can apply to new campaign,Can apply to existing campaign
Targeting,Health check ,Can apply to Search campaign,-,Can apply to Shopping campaign,Can apply to DNV campaign,Already apply to Search campaign,-,Not sure,Not sure,WebUI does not have the HC,,"Check Shopping, DNV",Account free of any Campaigns that are set to -100% against one of the three Device types,Neha Mohan,Health check - Account free of any Campaigns that are set to -100% against one of the three Device types,2.00%,-,Included in UCM DMS,WebUI Not Ready,,-,Can apply to campaign level,Can apply to new campaign,Can apply to existing campaign
Targeting,Health check ,Can apply to Search campaign,-,-,-,Already apply to Search campaign,-,-,-,WebUI does not have the HC,,,No Partial Negatives,Neha Mohan,Health check - No Partial Negatives,2.00%,-,Included in UCM DMS,WebUI Not Ready,,-,Can apply to campaign level,-,Can apply to existing campaign
Targeting,Health check ,Can apply to Search campaign,-,-,-,Already apply to Search campaign,-,-,-,WebUI does not have the HC,,,True negative keyword conflicts,Neha Mohan,Health check - True negative keyword conflicts,2.00%,-,Included in UCM DMS,WebUI Not Ready,,-,Can apply to campaign level,-,Can apply to existing campaign
Targeting,Health check ,Can apply to Search campaign,-,-,-,Already apply to Search campaign,-,-,-,WebUI does not have the HC,,,"Ad rotation type set ot ""rotate evenly""",Neha Mohan,"Health check - Ad rotation type set ot ""rotate evenly""",-,-,Not Included in UCM DMS,WebUI Not Ready,,-,Can apply to campaign level,Can apply to new campaign,Can apply to existing campaign
Targeting,Health check ,Can apply to Search campaign,-,-,-,Already apply to Search campaign,-,-,-,WebUI does not have the HC,,,Have atleast 1 but less than 3 active ads,Neha Mohan,Health check - Have atleast 1 but less than 3 active ads,-,-,Not Included in UCM DMS,WebUI Not Ready,,-,Can apply to campaign level,Can apply to new campaign,Can apply to existing campaign
Targeting,Health check ,Can apply to Search campaign,Can apply to Pmax campaign,Can apply to Shopping campaign,Can apply to DNV campaign,Already apply to Search campaign,Already apply to Pmax campaign,Not sure,Not sure,This HC is only available for Pmax,,"Check Shopping, DNV",Campaign does not have active asset groups or ad groups with completed settings,Neha Mohan,Health check - Campaign does not have active asset groups or ad groups with completed settings,-,-,Not Included in UCM DMS,WebUI Partially Ready,,-,Can apply to campaign level,Can apply to new campaign,Can apply to existing campaign
Targeting,Health check ,Can apply to Search campaign,-,-,-,Already apply to Search campaign,-,-,-,,,,Account has disapproved keywords,Neha Mohan,Health check - Account has disapproved keywords,-,-,Not Included in UCM DMS,WebUI Ready,,-,Can apply to campaign level,-,Can apply to existing campaign
Targeting,Health check ,Can apply to Search campaign,Can apply to Pmax campaign,Can apply to Shopping campaign,Can apply to DNV campaign,Already apply to Search campaign,Not sure,Not sure,Not sure,WebUI does not have the HC,,"Check Pmax, Shopping, DNV",Audience group is associated with active ad groups but without atleast 1000 users,Kamal Manchanda,Health check - Audience group is associated with active ad groups but without atleast 1000 users,-,-,Not Included in UCM DMS,WebUI Not Ready,,-,Can apply to campaign level,Can apply to new campaign,Can apply to existing campaign
Targeting,Health check ,-,-,-,-,-,-,-,-,WebUI does not have the HC,Not applicable to campaign level,,Failed privacy check,Kamal Manchanda,Health check - Failed privacy check,-,-,Not Included in UCM DMS,WebUI Not Ready,,-,-,-,-
Targeting,Feature adoption ,Can apply to Search campaign,-,-,-,Already apply to Search campaign,-,-,-,WebUI does not have the FA,,,Syndication,Neha Mohan,Feature adoption - Syndication,4.00%,-,Included in UCM DMS,WebUI Not Ready,,-,Can apply to campaign level,Can apply to new campaign,Can apply to existing campaign
Targeting,Feature adoption ,Can apply to Search campaign,-,-,-,Already apply to Search campaign,-,-,-,WebUI does not have the FA,,,Broad Match,Neha Mohan,Feature adoption - Broad Match,8.00%,-,Included in UCM DMS,WebUI Not Ready,,-,Can apply to campaign level,Can apply to new campaign,Can apply to existing campaign
Targeting,Feature adoption ,-,-,-,-,-,-,-,-,WebUI does not have the FA,Not applicable to campaign level,,Performance Max,Neha Mohan,Feature adoption - Performance Max,7.00%,-,Included in UCM DMS,WebUI Not Ready,,-,-,-,-
Targeting,Feature adoption ,Can apply to Search campaign,-,-,-,Already apply to Search campaign,-,-,-,WebUI does not have the FA,,,MSAN SWF,Neha Mohan,Feature adoption - MSAN SWF,4.00%,-,Included in UCM DMS,WebUI Not Ready,,-,Can apply to campaign level,Can apply to new campaign,Can apply to existing campaign
Targeting,Feature adoption ,-,-,-,-,-,-,-,-,WebUI does not have the FA,Not applicable to campaign level,,Dynamic Search Ads,Neha Mohan,Feature adoption - Dynamic Search Ads,3.00%,-,Included in UCM DMS,WebUI Not Ready,,-,-,-,-
Targeting,Feature adoption ,Can apply to Search campaign,-,-,-,Already apply to Search campaign,-,-,-,WebUI does not have the FA,,,Phrase match,Neha Mohan,Feature adoption - Phrase match,-,-,Not Included in UCM DMS,WebUI Not Ready,,-,Can apply to campaign level,Can apply to new campaign,Can apply to existing campaign
Targeting,Feature adoption ,Can apply to Search campaign,-,-,-,Already apply to Search campaign,-,-,-,WebUI does not have the FA,,,Exact match,Neha Mohan,Feature adoption - Exact match,-,-,Not Included in UCM DMS,WebUI Not Ready,,-,Can apply to campaign level,Can apply to new campaign,Can apply to existing campaign
Targeting,Feature adoption ,-,-,-,-,-,-,-,-,WebUI does not have the FA,Not applicable to campaign level,,Custom combination,Kamal Manchanda,Feature adoption - Custom combination,-,-,Not Included in UCM DMS,WebUI Not Ready,,-,-,-,-
Targeting,Tactic ,-,-,-,-,-,-,-,-,WebUI does not have the Recommendation,Not applicable to campaign level,,Adopt Performance Max Campaigns,Neha Mohan,Tactic - Adopt Performance Max Campaigns,-,APMX-I,Included in UCM DMS,WebUI Not Ready,,-,-,-,-
Targeting,Tactic ,-,-,-,-,-,-,-,-,,Not applicable to campaign level,,Adopt Dynamic Search Ads,Neha Mohan,Tactic - Adopt Dynamic Search Ads,-,DSA-I,Included in UCM DMS,WebUI Ready,,Adopt DSA,-,-,-
Targeting,Tactic ,Can apply to Search campaign,Can apply to Pmax campaign,Can apply to Shopping campaign,Can apply to DNV campaign,Already apply to Search campaign,Not sure,Not sure,Not sure,WebUI does not have the Recommendation,,"Check Pmax, Shopping, DNV",Targeting Optimization (Ad schedule & device targeting settings),Kamal Manchanda,Tactic - Targeting Optimization (Ad schedule & device targeting settings),-,TAO-I,Included in UCM DMS,WebUI Not Ready,,-,Can apply to campaign level,-,Can apply to existing campaign
Targeting,Tactic ,Can apply to Search campaign,-,-,-,Already apply to Search campaign,-,-,-,WebUI does not have the Recommendation,,,Search partners website optimization,Neha Mohan,Tactic - Search partners website optimization,-,SYNO-I,Included in UCM DMS,WebUI Not Ready,,-,Can apply to campaign level,-,Can apply to existing campaign
Targeting,Tactic ,Can apply to Search campaign,-,-,Can apply to DNV campaign,Already apply to Search campaign,-,-,Not sure,,,Check DNV,Fix disapproved ads and keywords,Neha Mohan,Tactic - Fix disapproved ads and keywords,-,FDA-I,Included in UCM DMS,WebUI Ready,,NRT - Repair Ads and KWs,Can apply to campaign level,-,Can apply to existing campaign
Targeting,Tactic ,Can apply to Search campaign,-,-,-,Already apply to Search campaign,-,-,-,,,,Adopt Broad Match,Neha Mohan,Tactic - Adopt Broad Match,-,BMA-I,Included in UCM DMS,WebUI Ready,,Adopt BM,Can apply to campaign level,Can apply to new campaign,Can apply to existing campaign
Targeting,Tactic ,Can apply to Search campaign,-,-,-,Already apply to Search campaign,-,-,-,,,,Bridge Syndication gap,Neha Mohan,Tactic - Bridge Syndication gap,-,SYN-I,Included in UCM DMS,WebUI Ready,,Syndication winback,Can apply to campaign level,Can apply to new campaign,Can apply to existing campaign
Targeting,Tactic ,Can apply to Search campaign,-,-,-,Already apply to Search campaign,-,-,-,WebUI does not have the Recommendation,,,Remove O&O website exclusions-SWF,Neha Mohan,Tactic - Remove O&O website exclusions-SWF,-,RWS-I,Included in UCM DMS,WebUI Not Ready,,-,Can apply to campaign level,Can apply to new campaign,Can apply to existing campaign
Targeting,Tactic ,-,-,-,-,-,-,-,-,WebUI does not have the Recommendation,Not applicable to campaign level,,Cross border expansion,Neha Mohan,Tactic - Cross border expansion,-,XBE-I,Included in UCM DMS,WebUI Not Ready,,-,-,-,-
Targeting,Tactic ,Can apply to Search campaign,-,-,-,Already apply to Search campaign,-,-,-,,,,Add keywords (ads & landing pages),Neha Mohan,Tactic - Add keywords (ads & landing pages),-,IN1-I,Included in UCM DMS,WebUI Ready,,Add KWs from LP and Ads,Can apply to campaign level,Can apply to new campaign,Can apply to existing campaign
Targeting,Tactic ,Can apply to Search campaign,-,-,-,Already apply to Search campaign,-,-,-,,,,Add keywords (emerging and rising queries),Neha Mohan,Tactic - Add keywords (emerging and rising queries),-,KWR-I,Included in UCM DMS,WebUI Ready,,Add KWs from rising query,Can apply to campaign level,Can apply to new campaign,Can apply to existing campaign
Targeting,Tactic ,Can apply to Search campaign,-,-,-,Already apply to Search campaign,-,-,-,WebUI does not have the Recommendation,,,Add keywords (negatives),Neha Mohan,Tactic - Add keywords (negatives),-,CT4-I,Not Included in UCM DMS,WebUI Not Ready,,-,Can apply to campaign level,-,Can apply to existing campaign
Targeting,Tactic ,Can apply to Search campaign,-,-,-,Already apply to Search campaign,-,-,-,WebUI does not have the Recommendation,,,Adopt Audience ads for search campaigns,Anil Biradar,Tactic - Adopt Audience ads for search campaigns,-,AA-I,Not Included in UCM DMS,WebUI Not Ready,,-,Can apply to campaign level,Can apply to new campaign,Can apply to existing campaign
Budget & Bidding,Health check ,-,-,-,-,-,-,-,-,WebUI does not have the HC,Not applicable to campaign level,,80% of Keywords showing in the mainline of search results,Neha Mohan,Health check - 80% of Keywords showing in the mainline of search results,4.00%,,Included in UCM DMS,WebUI Not Ready,,-,-,-,-
Budget & Bidding,Health check ,Can apply to Search campaign,Can apply to Pmax campaign,Can apply to Shopping campaign,Can apply to DNV campaign,Already apply to Search campaign,Already apply to Pmax campaign,Already apply to Shopping campaign,Already apply to DNV campaign,This HC is only available for Pmax,,"Expand to Search, Shopping, DNV",Campaign capped by budget in last 14 days,Neha Mohan,Health check - Campaign capped by budget in last 14 days,4.00%,,Included in UCM DMS,WebUI Partially Ready,,-,Can apply to campaign level,-,Can apply to existing campaign
Budget & Bidding,Health check ,Can apply to Search campaign,Can apply to Pmax campaign,Can apply to Shopping campaign,Can apply to DNV campaign,Already apply to Search campaign,Not sure,Not sure,Not sure,WebUI does not have the HC,,"Check Pmax, Shopping, DNV",Campaign limited by ad schedule,Neha Mohan,Health check - Campaign limited by ad schedule,5.00%,,Included in UCM DMS,WebUI Not Ready,,-,Can apply to campaign level,-,Can apply to existing campaign
Budget & Bidding,Health check ,-,-,-,-,-,-,-,-,WebUI does not have the HC,Not applicable to campaign level,,Impression share of the top 20% keywords is at 100%,Neha Mohan,Health check - Impression share of the top 20% keywords is at 100%,4.00%,,Included in UCM DMS,WebUI Not Ready,,-,-,-,-
Budget & Bidding,Health check ,-,-,-,-,-,-,-,-,WebUI does not have the HC,Not applicable to campaign level,,No Impressions Lost to Budgets (>1%),Neha Mohan,Health check - No Impressions Lost to Budgets (>1%),5.00%,,Included in UCM DMS,WebUI Not Ready,,-,-,-,-
Budget & Bidding,Health check ,-,-,-,-,-,-,-,-,WebUI does not have the HC,Not applicable to campaign level,,Impression Share Lost to Rank less than 30%,Neha Mohan,Health check - Impression Share Lost to Rank less than 30%,5.00%,,Included in UCM DMS,WebUI Not Ready,,-,-,-,-
Budget & Bidding,Health check ,-,-,-,-,-,-,-,-,,Not applicable to campaign level,,payment errors,Kamal Manchanda,Health check - payment errors,-,,Not Included in UCM DMS,WebUI Ready,,-,-,-,-
Budget & Bidding,Health check ,-,-,-,-,-,-,-,-,,Not applicable to campaign level,,Don't have active IO,Kamal Manchanda,Health check - Don't have active IO,-,,Not Included in UCM DMS,WebUI Ready,,-,-,-,-
Budget & Bidding,Health check ,-,-,-,-,-,-,-,-,,Not applicable to campaign level,,IO balance less than 5%,Kamal Manchanda,Health check - IO balance less than 5%,-,,Not Included in UCM DMS,WebUI Ready,,-,-,-,-
Budget & Bidding,Health check ,-,-,-,-,-,-,-,-,,Not applicable to campaign level,,IO balance less than 15%,Kamal Manchanda,Health check - IO balance less than 15%,-,,Not Included in UCM DMS,WebUI Ready,,-,-,-,-
Budget & Bidding,Health check ,-,-,-,-,-,-,-,-,,Not applicable to campaign level,,IO balance less than 25%,Kamal Manchanda,Health check - IO balance less than 25%,-,,Not Included in UCM DMS,WebUI Ready,,-,-,-,-
Budget & Bidding,Health check ,-,-,-,-,-,-,-,-,,Not applicable to campaign level,,IO budget depleting in 5 days,Kamal Manchanda,Health check - IO budget depleting in 5 days,-,,Not Included in UCM DMS,WebUI Ready,,-,-,-,-
Budget & Bidding,Health check ,-,-,-,-,-,-,-,-,,Not applicable to campaign level,,IO budget depleting in 7 days,Kamal Manchanda,Health check - IO budget depleting in 7 days,-,,Not Included in UCM DMS,WebUI Ready,,-,-,-,-
Budget & Bidding,Health check ,-,-,-,-,-,-,-,-,,Not applicable to campaign level,,IO budget depleting in 15 days,Kamal Manchanda,Health check - IO budget depleting in 15 days,-,,Not Included in UCM DMS,WebUI Ready,,-,-,-,-
Budget & Bidding,Health check ,-,-,-,-,-,-,-,-,,Not applicable to campaign level,,Nearing credit limit,Kamal Manchanda,Health check - Nearing credit limit,-,,Not Included in UCM DMS,WebUI Ready,,-,-,-,-
Budget & Bidding,Health check ,-,-,-,-,-,-,-,-,,Not applicable to campaign level,,Abnormal account status,Kamal Manchanda,Health check - Abnormal account status,-,,Not Included in UCM DMS,WebUI Ready,,-,-,-,-
Budget & Bidding,Health check ,-,-,-,-,-,-,-,-,,Not applicable to campaign level,,Abnormal bill-to-customer status,Kamal Manchanda,Health check - Abnormal bill-to-customer status,-,,Not Included in UCM DMS,WebUI Ready,,-,-,-,-
Budget & Bidding,Feature adoption ,Can apply to Search campaign,Can apply to Pmax campaign,Can apply to Shopping campaign,Can apply to DNV campaign,-,-,-,-,WebUI does not have the FA,Need to enable campaign level,"Expand to Search, Shopping, DNV",Autobidding except non-eCPC,Neha Mohan,Feature adoption - Autobidding except non-eCPC,8.00%,,Included in UCM DMS,WebUI Not Ready,,-,Can apply to campaign level,Can apply to new campaign,Can apply to existing campaign
Budget & Bidding,Feature adoption ,Can apply to Search campaign,-,-,-,-,-,-,-,WebUI does not have the FA,Need to enable campaign level,Expand to Search,Maximize clicks,Neha Mohan,Feature adoption - Maximize clicks,-,,Not Included in UCM DMS,WebUI Not Ready,,-,Can apply to campaign level,Can apply to new campaign,Can apply to existing campaign
Budget & Bidding,Feature adoption ,Can apply to Search campaign,-,-,-,-,-,-,-,WebUI does not have the FA,Need to enable campaign level,Expand to Search,Target Impression Share,Neha Mohan,Feature adoption - Target Impression Share,-,,Not Included in UCM DMS,WebUI Not Ready,,-,Can apply to campaign level,Can apply to new campaign,Can apply to existing campaign
Budget & Bidding,Feature adoption ,Can apply to Search campaign,Can apply to Pmax campaign,Can apply to Shopping campaign,Can apply to DNV campaign,-,-,-,-,WebUI does not have the FA,Need to enable campaign level,"Expand to Search, Pmax, Shopping, DNV",Maximize Conversions,Neha Mohan,Feature adoption - Maximize Conversions,-,,Not Included in UCM DMS,WebUI Not Ready,,-,Can apply to campaign level,Can apply to new campaign,Can apply to existing campaign
Budget & Bidding,Feature adoption ,Can apply to Search campaign,-,Can apply to Shopping campaign,-,-,-,-,-,WebUI does not have the FA,Need to enable campaign level,"Expand to Search, Shopping",Target CPA,Neha Mohan,Feature adoption - Target CPA,-,,Not Included in UCM DMS,WebUI Not Ready,,-,Can apply to campaign level,Can apply to new campaign,Can apply to existing campaign
Budget & Bidding,Feature adoption ,Can apply to Search campaign,-,Can apply to Shopping campaign,-,-,-,-,-,WebUI does not have the FA,Need to enable campaign level,"Expand to Search, Shopping",Target ROAS,Neha Mohan,Feature adoption - Target ROAS,-,,Not Included in UCM DMS,WebUI Not Ready,,-,Can apply to campaign level,Can apply to new campaign,Can apply to existing campaign
Budget & Bidding,Feature adoption ,Can apply to Search campaign,Can apply to Pmax campaign,Can apply to Shopping campaign,Can apply to DNV campaign,-,-,-,-,WebUI does not have the FA,Need to enable campaign level,"Expand to Search, Pmax, Shopping, DNV",Autobidding Strategies,Neha Mohan,Feature adoption - Autobidding Strategies,-,,Not Included in UCM DMS,WebUI Not Ready,,-,Can apply to campaign level,Can apply to new campaign,Can apply to existing campaign
Budget & Bidding,Feature adoption ,-,-,-,-,-,-,-,-,WebUI does not have the FA,Not applicable to campaign level,,Shared budgets,Neha Mohan,Feature adoption - Shared budgets,-,,Not Included in UCM DMS,WebUI Not Ready,,-,-,-,-
Budget & Bidding,Tactic ,-,-,-,-,-,-,-,-,,Not applicable to campaign level,,Reallocate budget,Neha Mohan,Tactic - Reallocate budget,-,RAB-I,Included in UCM DMS,WebUI Ready,,Reallocate budget,-,-,-
Budget & Bidding,Tactic ,Can apply to Search campaign,-,-,-,Already apply to Search campaign,-,-,-,,,,Increase keyword bids for more traffic,Neha Mohan,Tactic - Increase bids for more traffic,-,IBT-I,Included in UCM DMS,WebUI Ready,,Increase KW bid,Can apply to campaign level,-,Can apply to existing campaign
Budget & Bidding,Tactic ,-,-,-,Can apply to DNV campaign,-,-,-,Already apply to DNV campaign,WebUI does not have the Recommendation,,,Bid recommendation for audience campaign,Neha Mohan,Tactic - Bid recommendation for audience campaign,-,BDA-I,Included in UCM DMS,WebUI Not Ready,,-,Can apply to campaign level,-,Can apply to existing campaign
Budget & Bidding,Tactic ,Can apply to Search campaign,Can apply to Pmax campaign,Can apply to Shopping campaign,Can apply to DNV campaign,Already apply to Search campaign,Already apply to Pmax campaign,Already apply to Shopping campaign,Already apply to DNV campaign,,,,Increase budget - performance,Neha Mohan,Tactic - Increase budget - performance,-,AC2-I,Included in UCM DMS,WebUI Ready,,Budget recommendation,Can apply to campaign level,Can apply to new campaign,Can apply to existing campaign
Budget & Bidding,Tactic ,-,-,-,Can apply to DNV campaign,-,-,-,Already apply to DNV campaign,,,,Increase budget for audience campaign,Neha Mohan,Tactic - Increase budget for audience campaign,-,OBA-I,Included in UCM DMS,WebUI Ready,,Budget recommendation,Can apply to campaign level,Can apply to new campaign,Can apply to existing campaign
Audience,Health check ,Can apply to Search campaign,-,-,-,Already apply to Search campaign,-,-,-,WebUI does not have the HC,,,No Audiences applied to Search Campaigns with a 0% bid modifier,Neha Mohan,Health check - No Audiences applied to Search Campaigns with a 0% bid modifier,5.00%,,Included in UCM DMS,WebUI Not Ready,,-,Can apply to campaign level,Can apply to new campaign,Can apply to existing campaign
Audience,Health check ,-,-,-,-,-,-,-,-,WebUI does not have the HC,Not applicable to campaign level,,Remarketing performance is better than non-audience,Kamal Manchanda,Health check - Remarketing performance is better than non-audience,5.00%,,Included in UCM DMS,WebUI Not Ready,,-,-,-,-
Audience,Health check ,-,-,-,-,-,-,-,-,WebUI does not have the HC,Not applicable to campaign level,,In-market performance is better than non-audience,Kamal Manchanda,Health check - In-market performance is better than non-audience,6.00%,,Included in UCM DMS,WebUI Not Ready,,-,-,-,-
Audience,Health check ,-,-,-,-,-,-,-,-,WebUI does not have the HC,Not applicable to campaign level,,Customer match performance is better than non-audience,Kamal Manchanda,Health check - Customer match performance is better than non-audience,7.00%,,Included in UCM DMS,WebUI Not Ready,,-,-,-,-
Audience,Health check ,-,-,-,-,-,-,-,-,WebUI does not have the HC,Not applicable to campaign level,,Spend through Audience is above 20%,Kamal Manchanda,Health check - Spend through Audience is above 20%,7.00%,,Included in UCM DMS,WebUI Not Ready,,-,-,-,-
Audience,Health check ,-,-,-,-,-,-,-,-,WebUI does not have the HC,Not applicable to campaign level,,Have active UET tags but don't have remarketing lists,Kamal Manchanda,Health check - Have active UET tags but don't have remarketing lists,-,,Not Included in UCM DMS,WebUI Not Ready,,-,-,-,-
Audience,Health check ,-,-,-,-,-,-,-,-,WebUI does not have the HC,Not applicable to campaign level,,Remarketing lists with user size decrease,Kamal Manchanda,Health check - Remarketing lists with user size decrease,-,,Not Included in UCM DMS,WebUI Not Ready,,-,-,-,-
Audience,Health check ,-,-,-,-,-,-,-,-,WebUI does not have the HC,Not applicable to campaign level,,Have remarketing lists but without at least 1000 users,Kamal Manchanda,Health check - Have remarketing lists but without at least 1000 users,-,,Not Included in UCM DMS,WebUI Not Ready,,-,-,-,-
Audience,Health check ,-,-,-,-,-,-,-,-,WebUI does not have the HC,Not applicable to campaign level,,Completely without active remarketing associations,Kamal Manchanda,Health check - Completely without active remarketing associations,-,,Not Included in UCM DMS,WebUI Not Ready,,-,-,-,-
Audience,Health check ,-,-,-,-,-,-,-,-,WebUI does not have the HC,Not applicable to campaign level,,Partial ad groups with active remarketing associations,Kamal Manchanda,Health check - Partial ad groups with active remarketing associations,-,,Not Included in UCM DMS,WebUI Not Ready,,-,-,-,-
Audience,Health check ,Can apply to Search campaign,-,Can apply to Shopping campaign,Can apply to DNV campaign,-,-,-,-,WebUI does not have the HC,Need to enable campaign level,"Expand to Search, Shopping, DNV",Associated with active ad groups but without at least 1000 users,Kamal Manchanda,Health check - Associated with active ad groups but without at least 1000 users,-,,Not Included in UCM DMS,WebUI Not Ready,,-,Can apply to campaign level,Can apply to new campaign,Can apply to existing campaign
Audience,Health check ,Can apply to Search campaign,Can apply to Pmax campaign,Can apply to Shopping campaign,Can apply to DNV campaign,-,-,-,-,WebUI does not have the HC,Need to enable campaign level,"Expand to Search, Shopping, DNV",Bid modifier is zero for active remarketing associations,Kamal Manchanda,Health check - Bid modifier is zero for active remarketing associations,-,,Not Included in UCM DMS,WebUI Not Ready,,-,Can apply to campaign level,Can apply to new campaign,Can apply to existing campaign
Audience,Feature adoption ,-,-,-,-,-,-,-,-,WebUI does not have the FA,Not applicable to campaign level,,Remarketing Associations,Kamal Manchanda,Feature adoption - Remarketing Associations,5.00%,,Included in UCM DMS,WebUI Not Ready,,-,-,-,-
Audience,Feature adoption ,-,-,-,-,-,-,-,-,WebUI does not have the FA,Not applicable to campaign level,,In-Market Association,Kamal Manchanda,Feature adoption - In-Market Association,6.00%,,Included in UCM DMS,WebUI Not Ready,,-,-,-,-
Audience,Feature adoption ,-,-,-,-,-,-,-,-,WebUI does not have the FA,Not applicable to campaign level,,Customer Match,Kamal Manchanda,Feature adoption - Customer Match,8.00%,,Included in UCM DMS,WebUI Not Ready,,-,-,-,-
Audience,Feature adoption ,-,-,-,-,-,-,-,-,WebUI does not have the FA,Not applicable to campaign level,,MSAN AWF,Anil Biradar,Feature adoption - MSAN AWF,10.00%,,Included in UCM DMS,WebUI Not Ready,,-,-,-,-
Audience,Feature adoption ,-,-,-,-,-,-,-,-,WebUI does not have the FA,Not applicable to campaign level,,Similar Audiences,Kamal Manchanda,Feature adoption - Similar Audiences,-,,Not Included in UCM DMS,WebUI Not Ready,,-,-,-,-
Audience,Tactic ,Can apply to Search campaign,Can apply to Pmax campaign,Can apply to Shopping campaign,Can apply to DNV campaign,-,-,-,-,WebUI does not have the Recommendation,,,Adopt Remarketing - Lists and Associations,Kamal Manchanda,Tactic - Adopt Remarketing - Lists and Associations,-,RM-I,Included in UCM DMS,WebUI Not Ready,,-,Can apply to campaign level,Can apply to new campaign,Can apply to existing campaign
Audience,Tactic ,Can apply to Search campaign,Can apply to Pmax campaign,Can apply to Shopping campaign,Can apply to DNV campaign,-,-,-,-,WebUI does not have the Recommendation,,,Adopt In-Market Audiences,Kamal Manchanda,Tactic - Adopt In-Market Audiences,-,IMA-I,Included in UCM DMS,WebUI Not Ready,,-,Can apply to campaign level,Can apply to new campaign,Can apply to existing campaign
Audience,Tactic ,Can apply to Search campaign,Can apply to Pmax campaign,Can apply to Shopping campaign,Can apply to DNV campaign,-,-,-,-,WebUI does not have the Recommendation,,,Adopt Customer Match,Kamal Manchanda,Tactic - Adopt Customer Match,-,ACM-I,Included in UCM DMS,WebUI Not Ready,,-,Can apply to campaign level,Can apply to new campaign,Can apply to existing campaign
Audience,Tactic ,-,-,-,Can apply to DNV campaign,-,-,-,-,WebUI does not have the Recommendation,,,Remarketing list adoption for audience campaign,Kamal Manchanda,Tactic - Remarketing list adoption for audience campaign,-,RMA-I,Not Included in UCM DMS,WebUI Not Ready,,-,Can apply to campaign level,Can apply to new campaign,Can apply to existing campaign
Audience,Tactic ,-,-,-,-,-,-,-,-,WebUI does not have the Recommendation,Not applicable to campaign level,,X-Border expansion - MSAN audience campaign,Neha Mohan,Tactic - X-Border expansion - MSAN audience campaign,-,XBA-I,Not Included in UCM DMS,WebUI Not Ready,,-,-,-,Can apply to existing campaign
Audience,Tactic ,-,-,-,-,-,-,-,-,WebUI does not have the Recommendation,Not applicable to campaign level,,Feed-based campaign adoption in Audience network,Neha Mohan,Tactic - Feed-based campaign adoption in Audience network,-,FAA-I,Not Included in UCM DMS,WebUI Not Ready,,-,-,-,Can apply to existing campaign
Audience,Tactic ,Can apply to Search campaign,-,-,-,Already apply to Search campaign,-,-,-,WebUI does not have the Recommendation,,,Adopt Microsoft Audience Ads for Audience Campaigns,Anil Biradar,Tactic - Adopt Microsoft Audience Ads for Audience Campaigns,-,AAC-I,Not Included in UCM DMS,WebUI Not Ready,,-,Can apply to campaign level,Can apply to new campaign,Can apply to existing campaign
Audience,Tactic ,Can apply to Search campaign,-,-,-,Already apply to Search campaign,-,-,-,,,,Adopt Image Extensions for Audience Ads,Anil Biradar,Tactic - Adopt Image Extensions for Audience Ads,-,IMGA-I,Not Included in UCM DMS,WebUI Ready,,Adopt image ext,Can apply to campaign level,Can apply to new campaign,Can apply to existing campaign
Audience,Tactic ,-,-,-,Can apply to DNV campaign,-,-,-,Already apply to DNV campaign,WebUI does not have the Recommendation,,,Bid recommendation for Audience campaign,Anil Biradar,Tactic - Bid recommendation for Audience campaign,-,BDA-I,Not Included in UCM DMS,WebUI Not Ready,,-,Can apply to campaign level,Can apply to new campaign,Can apply to existing campaign
Audience,Tactic ,-,-,-,Can apply to DNV campaign,-,-,-,Already apply to DNV campaign,WebUI does not have the Recommendation,,,Remove O&O website exclusion-AWF,Anil Biradar,Tactic - Remove O&O website exclusion-AWF,-,RWA-I,Not Included in UCM DMS,WebUI Not Ready,,-,Can apply to campaign level,Can apply to new campaign,Can apply to existing campaign
Ads,Health check ,Can apply to Search campaign,-,-,Can apply to DNV campaign,Already apply to Search campaign,-,-,Already apply to DNV campaign,This HC is only available for Search (NRT),,Expand to DNV,Campaign does not have active ads,Neha Mohan,Health check - Campaign does not have active ads,-,,Not Included in UCM DMS,WebUI Partially Ready,,-,Can apply to campaign level,Can apply to new campaign,Can apply to existing campaign
Ads,Health check ,Can apply to Search campaign,-,-,-,Already apply to Search campaign,-,-,-,Search and NRT,,,Campaign does not have active keywords,Neha Mohan,Health check - Campaign does not have active keywords,-,,Not Included in UCM DMS,WebUI Ready,,-,Can apply to campaign level,Can apply to new campaign,Can apply to existing campaign
Ads,Health check ,Can apply to Search campaign,-,-,-,-,-,-,-,WebUI does not have the HC,,Expand to Search,Ad group does not have RSA,Neha Mohan,Health check - Ad group does not have RSA,-,,Not Included in UCM DMS,WebUI Not Ready,,-,Can apply to campaign level,Can apply to new campaign,Can apply to existing campaign
Ads,Feature adoption ,Can apply to Search campaign,Can apply to Pmax campaign,-,-,-,-,-,-,WebUI does not have the FA,,"Expand to Search, Pmax",Action Extension,Neha Mohan,Feature adoption - Action Extension,3.00%,,Included in UCM DMS,WebUI Not Ready,,-,Can apply to campaign level,Can apply to new campaign,Can apply to existing campaign
Ads,Feature adoption ,Can apply to Search campaign,Can apply to Pmax campaign,-,-,-,-,-,-,WebUI does not have the FA,,"Expand to Search, Pmax",Callout Extension,Neha Mohan,Feature adoption - Callout Extension,3.00%,,Included in UCM DMS,WebUI Not Ready,,-,Can apply to campaign level,Can apply to new campaign,Can apply to existing campaign
Ads,Feature adoption ,Can apply to Search campaign,Can apply to Pmax campaign,-,-,-,-,-,-,WebUI does not have the FA,,"Expand to Search, Pmax",Sitelink Extension,Neha Mohan,Feature adoption - Sitelink Extension,3.00%,,Included in UCM DMS,WebUI Not Ready,,-,Can apply to campaign level,Can apply to new campaign,Can apply to existing campaign
Ads,Feature adoption ,Can apply to Search campaign,-,-,-,-,-,-,-,WebUI does not have the FA,,Expand to Search,Image Extension,Neha Mohan,Feature adoption - Image Extension,4.00%,,Included in UCM DMS,WebUI Not Ready,,-,Can apply to campaign level,Can apply to new campaign,Can apply to existing campaign
Ads,Feature adoption ,Can apply to Search campaign,Can apply to Pmax campaign,-,-,-,-,-,-,WebUI does not have the FA,,"Expand to Search, Pmax",Enhanced Sitelink Extension,Neha Mohan,Feature adoption - Enhanced Sitelink Extension,4.00%,,Included in UCM DMS,WebUI Not Ready,,-,Can apply to campaign level,Can apply to new campaign,Can apply to existing campaign
Ads,Feature adoption ,Can apply to Search campaign,Can apply to Pmax campaign,-,-,-,-,-,-,WebUI does not have the FA,,"Expand to Search, Pmax",Structured Snippet Extension,Neha Mohan,Feature adoption - Structured Snippet Extension,4.00%,,Included in UCM DMS,WebUI Not Ready,,-,Can apply to campaign level,Can apply to new campaign,Can apply to existing campaign
Ads,Feature adoption ,Can apply to Search campaign,-,-,-,-,-,-,-,WebUI does not have the FA,,Expand to Search,RSA,Neha Mohan,Feature adoption - RSA,4.00%,,Included in UCM DMS,WebUI Not Ready,,-,Can apply to campaign level,Can apply to new campaign,Can apply to existing campaign
Ads,Feature adoption ,Can apply to Search campaign,-,-,-,-,-,-,-,WebUI does not have the FA,,Expand to Search,MMA,Neha Mohan,Feature adoption - MMA,4.00%,,Included in UCM DMS,WebUI Not Ready,,-,Can apply to campaign level,Can apply to new campaign,Can apply to existing campaign
Ads,Feature adoption ,-,-,-,-,-,-,-,-,WebUI does not have the FA,Not applicable to campaign level,,Google Import Tool,Kamal Manchanda,Feature adoption - Google Import Tool,-,,Not Included in UCM DMS,WebUI Not Ready,,-,-,-,-
Ads,Feature adoption ,-,-,-,-,-,-,-,-,WebUI does not have the FA,Not applicable to campaign level,,Facebook Import,Kamal Manchanda,Feature adoption - Facebook Import,-,,Not Included in UCM DMS,WebUI Not Ready,,-,-,-,-
Ads,Feature adoption ,-,-,-,-,-,-,-,-,WebUI does not have the FA,,Deprecated,Expanded Text Ads,Neha Mohan,Feature adoption - Expanded Text Ads,-,,Not Included in UCM DMS,WebUI Not Ready,,-,Can apply to campaign level,Can apply to new campaign,Can apply to existing campaign
Ads,Feature adoption ,-,-,-,Can apply to DNV campaign,-,-,-,-,WebUI does not have the FA,,Expand to DNV,Video Ads,Anil Biradar,Feature adoption - Video Ads,-,,Not Included in UCM DMS,WebUI Not Ready,,-,Can apply to campaign level,Can apply to new campaign,Can apply to existing campaign
Ads,Feature adoption ,Can apply to Search campaign,Can apply to Pmax campaign,-,-,-,-,-,-,WebUI does not have the FA,,"Expand to Search, Pmax",Price Extension,Neha Mohan,Feature adoption - Price Extension,-,,Not Included in UCM DMS,WebUI Not Ready,,-,Can apply to campaign level,Can apply to new campaign,Can apply to existing campaign
Ads,Feature adoption ,Can apply to Search campaign,Can apply to Pmax campaign,-,-,-,-,-,-,WebUI does not have the FA,,"Expand to Search, Pmax",Location Extension,Neha Mohan,Feature adoption - Location Extension,-,,Not Included in UCM DMS,WebUI Not Ready,,-,Can apply to campaign level,Can apply to new campaign,Can apply to existing campaign
Ads,Feature adoption ,Can apply to Search campaign,Can apply to Pmax campaign,-,-,-,-,-,-,WebUI does not have the FA,,"Expand to Search, Pmax",Call Extension,Neha Mohan,Feature adoption - Call Extension,-,,Not Included in UCM DMS,WebUI Not Ready,,-,Can apply to campaign level,Can apply to new campaign,Can apply to existing campaign
Ads,Feature adoption ,Can apply to Search campaign,Can apply to Pmax campaign,-,-,-,-,-,-,WebUI does not have the FA,,"Expand to Search, Pmax",Review Extension,Neha Mohan,Feature adoption - Review Extension,-,,Not Included in UCM DMS,WebUI Not Ready,,-,Can apply to campaign level,Can apply to new campaign,Can apply to existing campaign
Ads,Feature adoption ,-,-,-,-,-,-,-,-,WebUI does not have the FA,Not applicable to campaign level,,Microsoft Shopping Campaigns,Neha Mohan,Feature adoption - Microsoft Shopping Campaigns,-,,Not Included in UCM DMS,WebUI Not Ready,,-,-,-,-
Ads,Feature adoption ,-,-,-,-,-,-,-,-,WebUI does not have the FA,Not applicable to campaign level,Deprecated,Smart Shopping Campaigns,Neha Mohan,Feature adoption - Smart Shopping Campaigns,-,,Not Included in UCM DMS,WebUI Not Ready,,-,-,-,-
Ads,Feature adoption ,-,-,-,-,-,-,-,-,WebUI does not have the FA,,,App Extension,Neha Mohan,Feature adoption - App Extension,-,,Not Included in UCM DMS,WebUI Not Ready,,-,Can apply to campaign level,Can apply to new campaign,Can apply to existing campaign
Ads,Feature adoption ,-,-,-,-,-,-,-,-,WebUI does not have the FA,,,App Install Ads,Neha Mohan,Feature adoption - App Install Ads,-,,Not Included in UCM DMS,WebUI Not Ready,,-,Can apply to campaign level,Can apply to new campaign,Can apply to existing campaign
Ads,Tactic ,Can apply to Search campaign,Can apply to Pmax campaign,-,-,Already apply to Search campaign,-,-,-,WebUI does not have the Recommendation,,Expand to Pmax,Adopt Sitelink Extension,Neha Mohan,Tactic - Adopt Sitelink Extension,-,SLE-I,Not Included in UCM DMS,WebUI Not Ready,,-,Can apply to campaign level,Can apply to new campaign,Can apply to existing campaign
Ads,Tactic ,Can apply to Search campaign,-,-,-,Already apply to Search campaign,-,-,-,,,,Adopt Image extensions for audience ads,Neha Mohan,Tactic - Adopt Image extensions for audience ads,-,IMGA-I,Included in UCM DMS,WebUI Ready,,Adopt image ext,Can apply to campaign level,Can apply to new campaign,Can apply to existing campaign
Ads,Tactic ,Can apply to Search campaign,Can apply to Pmax campaign,-,-,Already apply to Search campaign,-,-,-,WebUI does not have the Recommendation,,Expand to Pmax,Adopt Enhanced Sitelink Extn,Neha Mohan,Tactic - Adopt Enhanced Sitelink Extn,-,ESL-I,Not Included in UCM DMS,WebUI Not Ready,,-,Can apply to campaign level,Can apply to new campaign,Can apply to existing campaign
Ads,Tactic ,Can apply to Search campaign,Can apply to Pmax campaign,-,-,Already apply to Search campaign,-,-,-,WebUI does not have the Recommendation,,Expand to Pmax,Adopt Structured Snippet Extn,Neha Mohan,Tactic - Adopt Structured Snippet Extn,-,SSE-I,Not Included in UCM DMS,WebUI Not Ready,,-,Can apply to campaign level,Can apply to new campaign,Can apply to existing campaign
Ads,Tactic ,Can apply to Search campaign,-,-,-,Already apply to Search campaign,-,-,-,,,,Adopt RSAs,Neha Mohan,Tactic - Adopt RSAs,-,RSA-I,Included in UCM DMS,WebUI Ready,,-,Can apply to campaign level,Can apply to new campaign,Can apply to existing campaign
Ads,Tactic ,Can apply to Search campaign,-,-,-,Already apply to Search campaign,-,-,-,,,,Adopt Multimedia Ads,Neha Mohan,Tactic - Adopt Multimedia Ads,-,IMMA-I,Included in UCM DMS,WebUI Ready,,-,Can apply to campaign level,Can apply to new campaign,Can apply to existing campaign
Ads,Tactic ,Can apply to Search campaign,-,-,-,Already apply to Search campaign,-,-,-,Search and NRT,,,Disapproved ads & keywords (included in Targeting pillar above),Neha Mohan,Tactic - Disapproved ads & keywords (included in Targeting pillar above),-,FDA-I,Included in UCM DMS,WebUI Ready,,-,Can apply to campaign level,-,Can apply to existing campaign
Ads,Tactic ,Can apply to Search campaign,-,-,-,Already apply to Search campaign,-,-,-,,,,Improve RSAs,Neha Mohan,Tactic - Improve RSAs,-,RSAA-I,Included in UCM DMS,WebUI Ready,,-,Can apply to campaign level,-,Can apply to existing campaign
Ads,Tactic ,Can apply to Search campaign,Can apply to Pmax campaign,-,-,Already apply to Search campaign,-,-,-,WebUI does not have the Recommendation,,Expand to Pmax,Adopt Callout Extension,Neha Mohan,Tactic - Adopt Callout Extension,-,CAL-I,Included in UCM DMS,WebUI Not Ready,,-,Can apply to campaign level,Can apply to new campaign,Can apply to existing campaign
Ads,Tactic ,-,-,-,-,-,-,-,-,,Not applicable to campaign level,,Adopt Facebook import,Neha Mohan,Tactic - Adopt Facebook import,-,FBI-I,Included in UCM DMS,WebUI Ready,,-,-,-,-
Ads,Tactic ,-,-,-,-,-,-,-,-,,Not applicable to campaign level,,Adopt Google Import,Kamal Manchanda,Tactic - Adopt Google Import,-,GIA-I,Included in UCM DMS,WebUI Ready,,-,-,-,-
Ads,Tactic ,-,-,-,-,-,-,-,-,,Not applicable to campaign level,,Improve Google Import Frequency,Kamal Manchanda,Tactic - Improve Google Import Frequency,-,GIE-I,Included in UCM DMS,WebUI Ready,,-,-,-,-
Ads,Tactic ,Can apply to Search campaign,-,-,-,Already apply to Search campaign,-,-,-,,,,Repair missing keyword params issue,Neha Mohan,Tactic - Repair missing keyword params issue,-,RMKP-I,Included in UCM DMS,WebUI Ready,,-,Can apply to campaign level,-,Can apply to existing campaign
Ads,Tactic ,-,Can apply to Pmax campaign,Can apply to Shopping campaign,-,-,-,Already apply to Shopping campaign,-,WebUI does not have the Recommendation,,Expand to Pmax,Update Feeds Or Create New Feeds To Adopt Missing Product URLs,Neha Mohan,Tactic - Update Feeds Or Create New Feeds To Adopt Missing Product URLs,-,FSA-I,Not Included in UCM DMS,WebUI Not Ready,,-,Can apply to campaign level,Can apply to new campaign,Can apply to existing campaign
Ads,Tactic ,-,Can apply to Pmax campaign,Can apply to Shopping campaign,-,-,-,Already apply to Shopping campaign,-,WebUI does not have the Recommendation,,Expand to Pmax,Expired and Expiring Feed for Shopping Campaign,Neha Mohan,Tactic - Expired and Expiring Feed for Shopping Campaign,-,EEF-I,Not Included in UCM DMS,WebUI Not Ready,,-,Can apply to campaign level,Can apply to new campaign,Can apply to existing campaign
Ads,Tactic ,-,Can apply to Pmax campaign,Can apply to Shopping campaign,-,-,-,Already apply to Shopping campaign,-,,,Expand to Pmax,Create Catch-all Campaign for Untargeted Product Offers,Neha Mohan,Tactic - Create Catch-all Campaign for Untargeted Product Offers,-,CUO-I,Not Included in UCM DMS,WebUI Ready,,Catch all shopping campaign,Can apply to campaign level,Can apply to new campaign,Can apply to existing campaign
Ads,Tactic ,Can apply to Search campaign,Can apply to Pmax campaign,Can apply to Shopping campaign,Can apply to DNV campaign,Already apply to Search campaign,-,-,-,WebUI does not have the Recommendation,,"Expand to Pmax, Shopping, DNV",Complete Campaign Setup,Neha Mohan,Tactic - Complete Campaign Setup,-,SET-I,Not Included in UCM DMS,WebUI Not Ready,,-,Can apply to campaign level,Can apply to new campaign,Can apply to existing campaign
Ads,Tactic ,-,-,-,-,-,-,-,-,WebUI does not have the Recommendation,Not applicable to campaign level,,Compete Tactic,Neha Mohan,Tactic - Compete Tactic,-,COM-I,Not Included in UCM DMS,WebUI Not Ready,,-,-,-,-
Ads,Tactic ,-,-,-,-,-,-,-,-,WebUI does not have the Recommendation,Not applicable to campaign level,,Cross Border Opportunity,Neha Mohan,Tactic - Cross Border Opportunity,-,XBC-I,Not Included in UCM DMS,WebUI Not Ready,,-,-,-,-
Ads,Tactic ,-,Can apply to Pmax campaign,Can apply to Shopping campaign,-,-,-,Already apply to Shopping campaign,-,WebUI does not have the Recommendation,,Expand to Pmax,Repair Shopping Campaigns,Neha Mohan,Tactic - Repair Shopping Campaigns,-,RSC-I,Not Included in UCM DMS,WebUI Not Ready,,-,Can apply to campaign level,-,Can apply to existing campaign
Ads,Tactic ,Can apply to Search campaign,Can apply to Pmax campaign,-,-,Already apply to Search campaign,-,-,-,WebUI does not have the Recommendation,,Expand to Pmax,Adopt Review Extension,Neha Mohan,Tactic - Adopt Review Extension,-,REV-I,Not Included in UCM DMS,WebUI Not Ready,,-,Can apply to campaign level,Can apply to new campaign,Can apply to existing campaign
Ads,Tactic ,Can apply to Search campaign,Can apply to Pmax campaign,-,-,Already apply to Search campaign,-,-,-,WebUI does not have the Recommendation,,Expand to Pmax,Adopt Location Extension,Neha Mohan,Tactic - Adopt Location Extension,-,LXO-I,Not Included in UCM DMS,WebUI Not Ready,,-,Can apply to campaign level,Can apply to new campaign,Can apply to existing campaign
Measurement,Health check ,Can apply to Search campaign,Can apply to Pmax campaign,Can apply to Shopping campaign,Can apply to DNV campaign,-,Already apply to Pmax campaign,-,-,This HC is only available for Pmax,,"Expand to Search, Shopping, DNV",UET tag diagnostic status,Ewa Maciukiewicz,Health check - UET tag diagnostic status,3.00%,,Included in UCM DMS,WebUI Partially Ready,,-,Can apply to campaign level,-,Can apply to existing campaign
Measurement,Health check ,Can apply to Search campaign,Can apply to Pmax campaign,Can apply to Shopping campaign,Can apply to DNV campaign,-,Already apply to Pmax campaign,-,-,This HC is only available for Pmax,,"Expand to Search, Shopping, DNV",Conversion goals diagnostics status,Ewa Maciukiewicz,Health check - Conversion goals diagnostics status,3.00%,,Included in UCM DMS,WebUI Partially Ready,,-,Can apply to campaign level,-,Can apply to existing campaign
Measurement,Health check ,Can apply to Search campaign,Can apply to Pmax campaign,Can apply to Shopping campaign,Can apply to DNV campaign,-,-,-,-,WebUI does not have the HC,,"Expand to Search, Pmax, Shopping, DNV","Custom parameters include ""Google""",Ewa Maciukiewicz,"Health check - Custom parameters include ""Google""",5.00%,,Included in UCM DMS,WebUI Not Ready,,-,Can apply to campaign level,Can apply to new campaign,Can apply to existing campaign
Measurement,Health check ,Can apply to Search campaign,Can apply to Pmax campaign,Can apply to Shopping campaign,Can apply to DNV campaign,-,-,-,-,WebUI does not have the HC,,"Expand to Search, Pmax, Shopping, DNV",Conversion goals are consistently set up,Ewa Maciukiewicz,Health check - Conversion goals are consistently set up,4.00%,,Included in UCM DMS,WebUI Not Ready,,-,Can apply to campaign level,Can apply to new campaign,Can apply to existing campaign
Measurement,Health check ,Can apply to Search campaign,Can apply to Pmax campaign,Can apply to Shopping campaign,Can apply to DNV campaign,-,-,-,-,WebUI does not have the HC,,"Expand to Search, Pmax, Shopping, DNV",Enhanced conversion goals are being used,Ewa Maciukiewicz,Health check - Enhanced conversion goals are being used,5.00%,,Included in UCM DMS,WebUI Not Ready,,-,Can apply to campaign level,Can apply to new campaign,Can apply to existing campaign
Measurement,Health check ,Can apply to Search campaign,Can apply to Pmax campaign,Can apply to Shopping campaign,Can apply to DNV campaign,-,-,-,-,WebUI does not have the HC,,"Expand to Search, Pmax, Shopping, DNV",UET conversion window is consistent with campaign objectives,Ewa Maciukiewicz,Health check - UET conversion window is consistent with campaign objectives,5.00%,,Included in UCM DMS,WebUI Not Ready,,-,Can apply to campaign level,Can apply to new campaign,Can apply to existing campaign
Measurement,Health check ,Can apply to Search campaign,Can apply to Pmax campaign,Can apply to Shopping campaign,Can apply to DNV campaign,-,-,-,-,WebUI does not have the HC,,"Expand to Search, Pmax, Shopping, DNV",Revenue data present to use for Value-Based Bidding ,Ewa Maciukiewicz,Health check - Revenue data present to use for Value-Based Bidding ,5.00%,,Included in UCM DMS,WebUI Not Ready,,-,Can apply to campaign level,-,Can apply to existing campaign
Measurement,Health check ,Can apply to Search campaign,Can apply to Pmax campaign,Can apply to Shopping campaign,Can apply to DNV campaign,-,-,-,-,WebUI does not have the HC,,"Expand to Search, Pmax, Shopping, DNV",Desired number of conversions obtained for auto-bidding,Ewa Maciukiewicz,Health check - Desired number of conversions obtained for auto-bidding,5.00%,,Included in UCM DMS,WebUI Not Ready,,-,Can apply to campaign level,-,Can apply to existing campaign
Measurement,Health check ,Can apply to Search campaign,Can apply to Pmax campaign,Can apply to Shopping campaign,Can apply to DNV campaign,-,-,-,-,,,"Expand to Search, Pmax, Shopping, DNV",Conversion goals with errors in settings,Ewa Maciukiewicz,Health check - Conversion goals with errors in settings,-,,Not Included in UCM DMS,WebUI Ready,,-,Can apply to campaign level,Can apply to new campaign,Can apply to existing campaign
Measurement,Health check ,Can apply to Search campaign,Can apply to Pmax campaign,Can apply to Shopping campaign,Can apply to DNV campaign,-,-,-,-,WebUI does not have the HC,,"Expand to Search, Pmax, Shopping, DNV",Conversion goals with conversion rate drop,Ewa Maciukiewicz,Health check - Conversion goals with conversion rate drop,-,,Not Included in UCM DMS,WebUI Not Ready,,-,Can apply to campaign level,-,Can apply to existing campaign
Measurement,Health check ,Can apply to Search campaign,Can apply to Pmax campaign,Can apply to Shopping campaign,Can apply to DNV campaign,-,-,-,-,WebUI does not have the HC,,"Expand to Search, Pmax, Shopping, DNV",UET events on domain drop significantly,Ewa Maciukiewicz,Health check - UET events on domain drop significantly,-,,Not Included in UCM DMS,WebUI Not Ready,,-,Can apply to campaign level,-,Can apply to existing campaign
Measurement,Feature adoption ,-,-,-,-,-,-,-,-,WebUI does not have the FA,Not applicable to campaign level,,UET,Ewa Maciukiewicz,Feature adoption - UET,2.00%,,Included in UCM DMS,WebUI Not Ready,,-,-,-,-
Measurement,Feature adoption ,-,-,-,-,-,-,-,-,WebUI does not have the FA,Not applicable to campaign level,,UET tagged landing pages,Ewa Maciukiewicz,Feature adoption - UET tagged landing pages,4.00%,,Included in UCM DMS,WebUI Not Ready,,-,-,-,-
Measurement,Feature adoption ,Can apply to Search campaign,Can apply to Pmax campaign,Can apply to Shopping campaign,Can apply to DNV campaign,-,-,-,-,WebUI does not have the FA,,"Expand to Search, Pmax, Shopping, DNV",Conversion Goals,Ewa Maciukiewicz,Feature adoption - Conversion Goals,2.00%,,Included in UCM DMS,WebUI Not Ready,,-,Can apply to campaign level,Can apply to new campaign,Can apply to existing campaign
Measurement,Feature adoption ,Can apply to Search campaign,Can apply to Pmax campaign,Can apply to Shopping campaign,Can apply to DNV campaign,-,-,-,-,WebUI does not have the FA,,"Expand to Search, Pmax, Shopping, DNV",Conversion tracking,Ewa Maciukiewicz,Feature adoption - Conversion tracking,-,,Not Included in UCM DMS,WebUI Not Ready,,-,Can apply to campaign level,-,Can apply to existing campaign
Measurement,Tactic ,Can apply to Search campaign,Can apply to Pmax campaign,Can apply to Shopping campaign,Can apply to DNV campaign,-,-,-,-,WebUI does not have the Recommendation,,"Expand to Search, Pmax, Shopping, DNV",Adopt & optimize conversion tracking,Ewa Maciukiewicz,Tactic - Adopt & optimize conversion tracking,-,CON-I,Included in UCM DMS,WebUI Not Ready,,-,Can apply to campaign level,-,Can apply to existing campaign
Measurement,Tactic ,-,-,-,-,-,-,-,-,WebUI does not have the Recommendation,Not applicable to campaign level,,Optimize UET - tag more websites,Ewa Maciukiewicz,Tactic - Optimize UET - tag more websites,-,UET-I,Included in UCM DMS,WebUI Not Ready,,-,-,-,-
Measurement,Tactic ,-,-,-,-,-,-,-,-,,Not applicable to campaign level,,Create Conversion Goal,Ewa Maciukiewicz,Tactic - Create Conversion Goal,-,CCG-I,Included in UCM DMS,WebUI Ready,,Create conversion goal,-,-,-
Measurement,Tactic ,Can apply to Search campaign,Can apply to Pmax campaign,Can apply to Shopping campaign,Can apply to DNV campaign,-,-,-,-,,,"Expand to Search, Pmax, Shopping, DNV",Fix conversion tracking - goal setting,Ewa Maciukiewicz,Tactic - Fix conversion tracking - goal setting,-,FCG-I,Included in UCM DMS,WebUI Ready,,Fix conversion goal,Can apply to campaign level,-,Can apply to existing campaign
Measurement,Tactic ,Can apply to Search campaign,Can apply to Pmax campaign,Can apply to Shopping campaign,Can apply to DNV campaign,-,-,-,-,WebUI does not have the Recommendation,,"Expand to Search, Pmax, Shopping, DNV",Fix Conversion Goals - Conversion Rate Decrease,Ewa Maciukiewicz,Tactic - Fix Conversion Goals - Conversion Rate Decrease,-,FCD-I,Not Included in UCM DMS,WebUI Not Ready,,-,Can apply to campaign level,-,Can apply to existing campaign
